iso_code,scenario,overshoot_year_aiaware
ARE,ambitious,2025.0
ARE,ambitious+AI_CLEAN,2025.0
ARE,ambitious+AI_CONSERVATIVE,2025.0
ARE,baseline,2025.0
ARE,baseline+AI_CLEAN,2025.0
ARE,baseline+AI_CONSERVATIVE,2025.0
ARE,ndc,2025.0
ARE,ndc+AI_CLEAN,2025.0
ARE,ndc+AI_CONSERVATIVE,2025.0
ARG,ambitious,2025.0
ARG,ambitious+AI_CLEAN,2025.0
ARG,ambitious+AI_CONSERVATIVE,2025.0
ARG,baseline,2025.0
ARG,baseline+AI_CLEAN,2025.0
ARG,baseline+AI_CONSERVATIVE,2025.0
ARG,ndc,2025.0
ARG,ndc+AI_CLEAN,2025.0
ARG,ndc+AI_CONSERVATIVE,2025.0
AUS,ambitious,2025.0
AUS,ambitious+AI_CLEAN,2025.0
AUS,ambitious+AI_CONSERVATIVE,2025.0
AUS,baseline,2025.0
AUS,baseline+AI_CLEAN,2025.0
AUS,baseline+AI_CONSERVATIVE,2025.0
AUS,ndc,2025.0
AUS,ndc+AI_CLEAN,2025.0
AUS,ndc+AI_CONSERVATIVE,2025.0
AUT,ambitious,2025.0
AUT,ambitious+AI_CLEAN,2025.0
AUT,ambitious+AI_CONSERVATIVE,2025.0
AUT,baseline,2025.0
AUT,baseline+AI_CLEAN,2025.0
AUT,baseline+AI_CONSERVATIVE,2025.0
AUT,ndc,2025.0
AUT,ndc+AI_CLEAN,2025.0
AUT,ndc+AI_CONSERVATIVE,2025.0
AZE,ambitious,2025.0
AZE,ambitious+AI_CLEAN,2025.0
AZE,ambitious+AI_CONSERVATIVE,2025.0
AZE,baseline,2025.0
AZE,baseline+AI_CLEAN,2025.0
AZE,baseline+AI_CONSERVATIVE,2025.0
AZE,ndc,2025.0
AZE,ndc+AI_CLEAN,2025.0
AZE,ndc+AI_CONSERVATIVE,2025.0
BEL,ambitious,2025.0
BEL,ambitious+AI_CLEAN,2025.0
BEL,ambitious+AI_CONSERVATIVE,2025.0
BEL,baseline,2025.0
BEL,baseline+AI_CLEAN,2025.0
BEL,baseline+AI_CONSERVATIVE,2025.0
BEL,ndc,2025.0
BEL,ndc+AI_CLEAN,2025.0
BEL,ndc+AI_CONSERVATIVE,2025.0
BGD,ambitious,
BGD,ambitious+AI_CLEAN,
BGD,ambitious+AI_CONSERVATIVE,
BGD,baseline,
BGD,baseline+AI_CLEAN,
BGD,baseline+AI_CONSERVATIVE,
BGD,ndc,
BGD,ndc+AI_CLEAN,
BGD,ndc+AI_CONSERVATIVE,
BGR,ambitious,2025.0
BGR,ambitious+AI_CLEAN,2025.0
BGR,ambitious+AI_CONSERVATIVE,2025.0
BGR,baseline,2025.0
BGR,baseline+AI_CLEAN,2025.0
BGR,baseline+AI_CONSERVATIVE,2025.0
BGR,ndc,2025.0
BGR,ndc+AI_CLEAN,2025.0
BGR,ndc+AI_CONSERVATIVE,2025.0
BLR,ambitious,2025.0
BLR,ambitious+AI_CLEAN,2025.0
BLR,ambitious+AI_CONSERVATIVE,2025.0
BLR,baseline,2025.0
BLR,baseline+AI_CLEAN,2025.0
BLR,baseline+AI_CONSERVATIVE,2025.0
BLR,ndc,2025.0
BLR,ndc+AI_CLEAN,2025.0
BLR,ndc+AI_CONSERVATIVE,2025.0
BRA,ambitious,
BRA,ambitious+AI_CLEAN,
BRA,ambitious+AI_CONSERVATIVE,
BRA,baseline,2025.0
BRA,baseline+AI_CLEAN,2025.0
BRA,baseline+AI_CONSERVATIVE,2025.0
BRA,ndc,2025.0
BRA,ndc+AI_CLEAN,2025.0
BRA,ndc+AI_CONSERVATIVE,2025.0
CAN,ambitious,2025.0
CAN,ambitious+AI_CLEAN,2025.0
CAN,ambitious+AI_CONSERVATIVE,2025.0
CAN,baseline,2025.0
CAN,baseline+AI_CLEAN,2025.0
CAN,baseline+AI_CONSERVATIVE,2025.0
CAN,ndc,2025.0
CAN,ndc+AI_CLEAN,2025.0
CAN,ndc+AI_CONSERVATIVE,2025.0
CHE,ambitious,2025.0
CHE,ambitious+AI_CLEAN,2025.0
CHE,ambitious+AI_CONSERVATIVE,2025.0
CHE,baseline,2025.0
CHE,baseline+AI_CLEAN,2025.0
CHE,baseline+AI_CONSERVATIVE,2025.0
CHE,ndc,2025.0
CHE,ndc+AI_CLEAN,2025.0
CHE,ndc+AI_CONSERVATIVE,2025.0
CHL,ambitious,2025.0
CHL,ambitious+AI_CLEAN,2025.0
CHL,ambitious+AI_CONSERVATIVE,2025.0
CHL,baseline,2025.0
CHL,baseline+AI_CLEAN,2025.0
CHL,baseline+AI_CONSERVATIVE,2025.0
CHL,ndc,2025.0
CHL,ndc+AI_CLEAN,2025.0
CHL,ndc+AI_CONSERVATIVE,2025.0
CHN,ambitious,2025.0
CHN,ambitious+AI_CLEAN,2025.0
CHN,ambitious+AI_CONSERVATIVE,2025.0
CHN,baseline,2025.0
CHN,baseline+AI_CLEAN,2025.0
CHN,baseline+AI_CONSERVATIVE,2025.0
CHN,ndc,2025.0
CHN,ndc+AI_CLEAN,2025.0
CHN,ndc+AI_CONSERVATIVE,2025.0
COL,ambitious,
COL,ambitious+AI_CLEAN,
COL,ambitious+AI_CONSERVATIVE,
COL,baseline,
COL,baseline+AI_CLEAN,
COL,baseline+AI_CONSERVATIVE,
COL,ndc,
COL,ndc+AI_CLEAN,
COL,ndc+AI_CONSERVATIVE,
CYP,ambitious,2025.0
CYP,ambitious+AI_CLEAN,2025.0
CYP,ambitious+AI_CONSERVATIVE,2025.0
CYP,baseline,2025.0
CYP,baseline+AI_CLEAN,2025.0
CYP,baseline+AI_CONSERVATIVE,2025.0
CYP,ndc,2025.0
CYP,ndc+AI_CLEAN,2025.0
CYP,ndc+AI_CONSERVATIVE,2025.0
CZE,ambitious,2025.0
CZE,ambitious+AI_CLEAN,2025.0
CZE,ambitious+AI_CONSERVATIVE,2025.0
CZE,baseline,2025.0
CZE,baseline+AI_CLEAN,2025.0
CZE,baseline+AI_CONSERVATIVE,2025.0
CZE,ndc,2025.0
CZE,ndc+AI_CLEAN,2025.0
CZE,ndc+AI_CONSERVATIVE,2025.0
DEU,ambitious,2025.0
DEU,ambitious+AI_CLEAN,2025.0
DEU,ambitious+AI_CONSERVATIVE,2025.0
DEU,baseline,2025.0
DEU,baseline+AI_CLEAN,2025.0
DEU,baseline+AI_CONSERVATIVE,2025.0
DEU,ndc,2025.0
DEU,ndc+AI_CLEAN,2025.0
DEU,ndc+AI_CONSERVATIVE,2025.0
DNK,ambitious,2025.0
DNK,ambitious+AI_CLEAN,2025.0
DNK,ambitious+AI_CONSERVATIVE,2025.0
DNK,baseline,2025.0
DNK,baseline+AI_CLEAN,2025.0
DNK,baseline+AI_CONSERVATIVE,2025.0
DNK,ndc,2025.0
DNK,ndc+AI_CLEAN,2025.0
DNK,ndc+AI_CONSERVATIVE,2025.0
DZA,ambitious,2025.0
DZA,ambitious+AI_CLEAN,2025.0
DZA,ambitious+AI_CONSERVATIVE,2025.0
DZA,baseline,2025.0
DZA,baseline+AI_CLEAN,2025.0
DZA,baseline+AI_CONSERVATIVE,2025.0
DZA,ndc,2025.0
DZA,ndc+AI_CLEAN,2025.0
DZA,ndc+AI_CONSERVATIVE,2025.0
ECU,ambitious,
ECU,ambitious+AI_CLEAN,
ECU,ambitious+AI_CONSERVATIVE,
ECU,baseline,
ECU,baseline+AI_CLEAN,
ECU,baseline+AI_CONSERVATIVE,
ECU,ndc,
ECU,ndc+AI_CLEAN,
ECU,ndc+AI_CONSERVATIVE,
EGY,ambitious,2025.0
EGY,ambitious+AI_CLEAN,2025.0
EGY,ambitious+AI_CONSERVATIVE,2025.0
EGY,baseline,2025.0
EGY,baseline+AI_CLEAN,2025.0
EGY,baseline+AI_CONSERVATIVE,2025.0
EGY,ndc,2025.0
EGY,ndc+AI_CLEAN,2025.0
EGY,ndc+AI_CONSERVATIVE,2025.0
ESP,ambitious,2025.0
ESP,ambitious+AI_CLEAN,2025.0
ESP,ambitious+AI_CONSERVATIVE,2025.0
ESP,baseline,2025.0
ESP,baseline+AI_CLEAN,2025.0
ESP,baseline+AI_CONSERVATIVE,2025.0
ESP,ndc,2025.0
ESP,ndc+AI_CLEAN,2025.0
ESP,ndc+AI_CONSERVATIVE,2025.0
EST,ambitious,2025.0
EST,ambitious+AI_CLEAN,2025.0
EST,ambitious+AI_CONSERVATIVE,2025.0
EST,baseline,2025.0
EST,baseline+AI_CLEAN,2025.0
EST,baseline+AI_CONSERVATIVE,2025.0
EST,ndc,2025.0
EST,ndc+AI_CLEAN,2025.0
EST,ndc+AI_CONSERVATIVE,2025.0
FIN,ambitious,2025.0
FIN,ambitious+AI_CLEAN,2025.0
FIN,ambitious+AI_CONSERVATIVE,2025.0
FIN,baseline,2025.0
FIN,baseline+AI_CLEAN,2025.0
FIN,baseline+AI_CONSERVATIVE,2025.0
FIN,ndc,2025.0
FIN,ndc+AI_CLEAN,2025.0
FIN,ndc+AI_CONSERVATIVE,2025.0
FRA,ambitious,2025.0
FRA,ambitious+AI_CLEAN,2025.0
FRA,ambitious+AI_CONSERVATIVE,2025.0
FRA,baseline,2025.0
FRA,baseline+AI_CLEAN,2025.0
FRA,baseline+AI_CONSERVATIVE,2025.0
FRA,ndc,2025.0
FRA,ndc+AI_CLEAN,2025.0
FRA,ndc+AI_CONSERVATIVE,2025.0
GBR,ambitious,2025.0
GBR,ambitious+AI_CLEAN,2025.0
GBR,ambitious+AI_CONSERVATIVE,2025.0
GBR,baseline,2025.0
GBR,baseline+AI_CLEAN,2025.0
GBR,baseline+AI_CONSERVATIVE,2025.0
GBR,ndc,2025.0
GBR,ndc+AI_CLEAN,2025.0
GBR,ndc+AI_CONSERVATIVE,2025.0
GRC,ambitious,2025.0
GRC,ambitious+AI_CLEAN,2025.0
GRC,ambitious+AI_CONSERVATIVE,2025.0
GRC,baseline,2025.0
GRC,baseline+AI_CLEAN,2025.0
GRC,baseline+AI_CONSERVATIVE,2025.0
GRC,ndc,2025.0
GRC,ndc+AI_CLEAN,2025.0
GRC,ndc+AI_CONSERVATIVE,2025.0
HKG,ambitious,2025.0
HKG,ambitious+AI_CLEAN,2025.0
HKG,ambitious+AI_CONSERVATIVE,2025.0
HKG,baseline,2025.0
HKG,baseline+AI_CLEAN,2025.0
HKG,baseline+AI_CONSERVATIVE,2025.0
HKG,ndc,2025.0
HKG,ndc+AI_CLEAN,2025.0
HKG,ndc+AI_CONSERVATIVE,2025.0
HRV,ambitious,2025.0
HRV,ambitious+AI_CLEAN,2025.0
HRV,ambitious+AI_CONSERVATIVE,2025.0
HRV,baseline,2025.0
HRV,baseline+AI_CLEAN,2025.0
HRV,baseline+AI_CONSERVATIVE,2025.0
HRV,ndc,2025.0
HRV,ndc+AI_CLEAN,2025.0
HRV,ndc+AI_CONSERVATIVE,2025.0
HUN,ambitious,2025.0
HUN,ambitious+AI_CLEAN,2025.0
HUN,ambitious+AI_CONSERVATIVE,2025.0
HUN,baseline,2025.0
HUN,baseline+AI_CLEAN,2025.0
HUN,baseline+AI_CONSERVATIVE,2025.0
HUN,ndc,2025.0
HUN,ndc+AI_CLEAN,2025.0
HUN,ndc+AI_CONSERVATIVE,2025.0
IDN,ambitious,2025.0
IDN,ambitious+AI_CLEAN,2025.0
IDN,ambitious+AI_CONSERVATIVE,2025.0
IDN,baseline,2025.0
IDN,baseline+AI_CLEAN,2025.0
IDN,baseline+AI_CONSERVATIVE,2025.0
IDN,ndc,2025.0
IDN,ndc+AI_CLEAN,2025.0
IDN,ndc+AI_CONSERVATIVE,2025.0
IND,ambitious,
IND,ambitious+AI_CLEAN,
IND,ambitious+AI_CONSERVATIVE,
IND,baseline,
IND,baseline+AI_CLEAN,
IND,baseline+AI_CONSERVATIVE,
IND,ndc,
IND,ndc+AI_CLEAN,
IND,ndc+AI_CONSERVATIVE,
IRL,ambitious,2025.0
IRL,ambitious+AI_CLEAN,2025.0
IRL,ambitious+AI_CONSERVATIVE,2025.0
IRL,baseline,2025.0
IRL,baseline+AI_CLEAN,2025.0
IRL,baseline+AI_CONSERVATIVE,2025.0
IRL,ndc,2025.0
IRL,ndc+AI_CLEAN,2025.0
IRL,ndc+AI_CONSERVATIVE,2025.0
IRN,ambitious,2025.0
IRN,ambitious+AI_CLEAN,2025.0
IRN,ambitious+AI_CONSERVATIVE,2025.0
IRN,baseline,2025.0
IRN,baseline+AI_CLEAN,2025.0
IRN,baseline+AI_CONSERVATIVE,2025.0
IRN,ndc,2025.0
IRN,ndc+AI_CLEAN,2025.0
IRN,ndc+AI_CONSERVATIVE,2025.0
IRQ,ambitious,2025.0
IRQ,ambitious+AI_CLEAN,2025.0
IRQ,ambitious+AI_CONSERVATIVE,2025.0
IRQ,baseline,2025.0
IRQ,baseline+AI_CLEAN,2025.0
IRQ,baseline+AI_CONSERVATIVE,2025.0
IRQ,ndc,2025.0
IRQ,ndc+AI_CLEAN,2025.0
IRQ,ndc+AI_CONSERVATIVE,2025.0
ISL,ambitious,2025.0
ISL,ambitious+AI_CLEAN,2025.0
ISL,ambitious+AI_CONSERVATIVE,2025.0
ISL,baseline,2025.0
ISL,baseline+AI_CLEAN,2025.0
ISL,baseline+AI_CONSERVATIVE,2025.0
ISL,ndc,2025.0
ISL,ndc+AI_CLEAN,2025.0
ISL,ndc+AI_CONSERVATIVE,2025.0
ISR,ambitious,2025.0
ISR,ambitious+AI_CLEAN,2025.0
ISR,ambitious+AI_CONSERVATIVE,2025.0
ISR,baseline,2025.0
ISR,baseline+AI_CLEAN,2025.0
ISR,baseline+AI_CONSERVATIVE,2025.0
ISR,ndc,2025.0
ISR,ndc+AI_CLEAN,2025.0
ISR,ndc+AI_CONSERVATIVE,2025.0
ITA,ambitious,2025.0
ITA,ambitious+AI_CLEAN,2025.0
ITA,ambitious+AI_CONSERVATIVE,2025.0
ITA,baseline,2025.0
ITA,baseline+AI_CLEAN,2025.0
ITA,baseline+AI_CONSERVATIVE,2025.0
ITA,ndc,2025.0
ITA,ndc+AI_CLEAN,2025.0
ITA,ndc+AI_CONSERVATIVE,2025.0
JPN,ambitious,2025.0
JPN,ambitious+AI_CLEAN,2025.0
JPN,ambitious+AI_CONSERVATIVE,2025.0
JPN,baseline,2025.0
JPN,baseline+AI_CLEAN,2025.0
JPN,baseline+AI_CONSERVATIVE,2025.0
JPN,ndc,2025.0
JPN,ndc+AI_CLEAN,2025.0
JPN,ndc+AI_CONSERVATIVE,2025.0
KAZ,ambitious,2025.0
KAZ,ambitious+AI_CLEAN,2025.0
KAZ,ambitious+AI_CONSERVATIVE,2025.0
KAZ,baseline,2025.0
KAZ,baseline+AI_CLEAN,2025.0
KAZ,baseline+AI_CONSERVATIVE,2025.0
KAZ,ndc,2025.0
KAZ,ndc+AI_CLEAN,2025.0
KAZ,ndc+AI_CONSERVATIVE,2025.0
KOR,ambitious,2025.0
KOR,ambitious+AI_CLEAN,2025.0
KOR,ambitious+AI_CONSERVATIVE,2025.0
KOR,baseline,2025.0
KOR,baseline+AI_CLEAN,2025.0
KOR,baseline+AI_CONSERVATIVE,2025.0
KOR,ndc,2025.0
KOR,ndc+AI_CLEAN,2025.0
KOR,ndc+AI_CONSERVATIVE,2025.0
KWT,ambitious,2025.0
KWT,ambitious+AI_CLEAN,2025.0
KWT,ambitious+AI_CONSERVATIVE,2025.0
KWT,baseline,2025.0
KWT,baseline+AI_CLEAN,2025.0
KWT,baseline+AI_CONSERVATIVE,2025.0
KWT,ndc,2025.0
KWT,ndc+AI_CLEAN,2025.0
KWT,ndc+AI_CONSERVATIVE,2025.0
LKA,ambitious,
LKA,ambitious+AI_CLEAN,
LKA,ambitious+AI_CONSERVATIVE,
LKA,baseline,
LKA,baseline+AI_CLEAN,
LKA,baseline+AI_CONSERVATIVE,
LKA,ndc,
LKA,ndc+AI_CLEAN,
LKA,ndc+AI_CONSERVATIVE,
LTU,ambitious,2025.0
LTU,ambitious+AI_CLEAN,2025.0
LTU,ambitious+AI_CONSERVATIVE,2025.0
LTU,baseline,2025.0
LTU,baseline+AI_CLEAN,2025.0
LTU,baseline+AI_CONSERVATIVE,2025.0
LTU,ndc,2025.0
LTU,ndc+AI_CLEAN,2025.0
LTU,ndc+AI_CONSERVATIVE,2025.0
LUX,ambitious,2025.0
LUX,ambitious+AI_CLEAN,2025.0
LUX,ambitious+AI_CONSERVATIVE,2025.0
LUX,baseline,2025.0
LUX,baseline+AI_CLEAN,2025.0
LUX,baseline+AI_CONSERVATIVE,2025.0
LUX,ndc,2025.0
LUX,ndc+AI_CLEAN,2025.0
LUX,ndc+AI_CONSERVATIVE,2025.0
LVA,ambitious,2025.0
LVA,ambitious+AI_CLEAN,2025.0
LVA,ambitious+AI_CONSERVATIVE,2025.0
LVA,baseline,2025.0
LVA,baseline+AI_CLEAN,2025.0
LVA,baseline+AI_CONSERVATIVE,2025.0
LVA,ndc,2025.0
LVA,ndc+AI_CLEAN,2025.0
LVA,ndc+AI_CONSERVATIVE,2025.0
MAR,ambitious,
MAR,ambitious+AI_CLEAN,
MAR,ambitious+AI_CONSERVATIVE,
MAR,baseline,
MAR,baseline+AI_CLEAN,
MAR,baseline+AI_CONSERVATIVE,
MAR,ndc,
MAR,ndc+AI_CLEAN,
MAR,ndc+AI_CONSERVATIVE,
MEX,ambitious,2025.0
MEX,ambitious+AI_CLEAN,2025.0
MEX,ambitious+AI_CONSERVATIVE,2025.0
MEX,baseline,2025.0
MEX,baseline+AI_CLEAN,2025.0
MEX,baseline+AI_CONSERVATIVE,2025.0
MEX,ndc,2025.0
MEX,ndc+AI_CLEAN,2025.0
MEX,ndc+AI_CONSERVATIVE,2025.0
MKD,ambitious,2025.0
MKD,ambitious+AI_CLEAN,2025.0
MKD,ambitious+AI_CONSERVATIVE,2025.0
MKD,baseline,2025.0
MKD,baseline+AI_CLEAN,2025.0
MKD,baseline+AI_CONSERVATIVE,2025.0
MKD,ndc,2025.0
MKD,ndc+AI_CLEAN,2025.0
MKD,ndc+AI_CONSERVATIVE,2025.0
MYS,ambitious,2025.0
MYS,ambitious+AI_CLEAN,2025.0
MYS,ambitious+AI_CONSERVATIVE,2025.0
MYS,baseline,2025.0
MYS,baseline+AI_CLEAN,2025.0
MYS,baseline+AI_CONSERVATIVE,2025.0
MYS,ndc,2025.0
MYS,ndc+AI_CLEAN,2025.0
MYS,ndc+AI_CONSERVATIVE,2025.0
NLD,ambitious,2025.0
NLD,ambitious+AI_CLEAN,2025.0
NLD,ambitious+AI_CONSERVATIVE,2025.0
NLD,baseline,2025.0
NLD,baseline+AI_CLEAN,2025.0
NLD,baseline+AI_CONSERVATIVE,2025.0
NLD,ndc,2025.0
NLD,ndc+AI_CLEAN,2025.0
NLD,ndc+AI_CONSERVATIVE,2025.0
NOR,ambitious,2025.0
NOR,ambitious+AI_CLEAN,2025.0
NOR,ambitious+AI_CONSERVATIVE,2025.0
NOR,baseline,2025.0
NOR,baseline+AI_CLEAN,2025.0
NOR,baseline+AI_CONSERVATIVE,2025.0
NOR,ndc,2025.0
NOR,ndc+AI_CLEAN,2025.0
NOR,ndc+AI_CONSERVATIVE,2025.0
NZL,ambitious,2025.0
NZL,ambitious+AI_CLEAN,2025.0
NZL,ambitious+AI_CONSERVATIVE,2025.0
NZL,baseline,2025.0
NZL,baseline+AI_CLEAN,2025.0
NZL,baseline+AI_CONSERVATIVE,2025.0
NZL,ndc,2025.0
NZL,ndc+AI_CLEAN,2025.0
NZL,ndc+AI_CONSERVATIVE,2025.0
OMN,ambitious,2025.0
OMN,ambitious+AI_CLEAN,2025.0
OMN,ambitious+AI_CONSERVATIVE,2025.0
OMN,baseline,2025.0
OMN,baseline+AI_CLEAN,2025.0
OMN,baseline+AI_CONSERVATIVE,2025.0
OMN,ndc,2025.0
OMN,ndc+AI_CLEAN,2025.0
OMN,ndc+AI_CONSERVATIVE,2025.0
PAK,ambitious,
PAK,ambitious+AI_CLEAN,
PAK,ambitious+AI_CONSERVATIVE,
PAK,baseline,
PAK,baseline+AI_CLEAN,
PAK,baseline+AI_CONSERVATIVE,
PAK,ndc,
PAK,ndc+AI_CLEAN,
PAK,ndc+AI_CONSERVATIVE,
PER,ambitious,
PER,ambitious+AI_CLEAN,
PER,ambitious+AI_CONSERVATIVE,
PER,baseline,
PER,baseline+AI_CLEAN,
PER,baseline+AI_CONSERVATIVE,
PER,ndc,
PER,ndc+AI_CLEAN,
PER,ndc+AI_CONSERVATIVE,
PHL,ambitious,
PHL,ambitious+AI_CLEAN,
PHL,ambitious+AI_CONSERVATIVE,
PHL,baseline,
PHL,baseline+AI_CLEAN,
PHL,baseline+AI_CONSERVATIVE,
PHL,ndc,
PHL,ndc+AI_CLEAN,
PHL,ndc+AI_CONSERVATIVE,
POL,ambitious,2025.0
POL,ambitious+AI_CLEAN,2025.0
POL,ambitious+AI_CONSERVATIVE,2025.0
POL,baseline,2025.0
POL,baseline+AI_CLEAN,2025.0
POL,baseline+AI_CONSERVATIVE,2025.0
POL,ndc,2025.0
POL,ndc+AI_CLEAN,2025.0
POL,ndc+AI_CONSERVATIVE,2025.0
PRT,ambitious,2025.0
PRT,ambitious+AI_CLEAN,2025.0
PRT,ambitious+AI_CONSERVATIVE,2025.0
PRT,baseline,2025.0
PRT,baseline+AI_CLEAN,2025.0
PRT,baseline+AI_CONSERVATIVE,2025.0
PRT,ndc,2025.0
PRT,ndc+AI_CLEAN,2025.0
PRT,ndc+AI_CONSERVATIVE,2025.0
QAT,ambitious,2025.0
QAT,ambitious+AI_CLEAN,2025.0
QAT,ambitious+AI_CONSERVATIVE,2025.0
QAT,baseline,2025.0
QAT,baseline+AI_CLEAN,2025.0
QAT,baseline+AI_CONSERVATIVE,2025.0
QAT,ndc,2025.0
QAT,ndc+AI_CLEAN,2025.0
QAT,ndc+AI_CONSERVATIVE,2025.0
ROU,ambitious,2025.0
ROU,ambitious+AI_CLEAN,2025.0
ROU,ambitious+AI_CONSERVATIVE,2025.0
ROU,baseline,2025.0
ROU,baseline+AI_CLEAN,2025.0
ROU,baseline+AI_CONSERVATIVE,2025.0
ROU,ndc,2025.0
ROU,ndc+AI_CLEAN,2025.0
ROU,ndc+AI_CONSERVATIVE,2025.0
RUS,ambitious,2025.0
RUS,ambitious+AI_CLEAN,2025.0
RUS,ambitious+AI_CONSERVATIVE,2025.0
RUS,baseline,2025.0
RUS,baseline+AI_CLEAN,2025.0
RUS,baseline+AI_CONSERVATIVE,2025.0
RUS,ndc,2025.0
RUS,ndc+AI_CLEAN,2025.0
RUS,ndc+AI_CONSERVATIVE,2025.0
SAU,ambitious,2025.0
SAU,ambitious+AI_CLEAN,2025.0
SAU,ambitious+AI_CONSERVATIVE,2025.0
SAU,baseline,2025.0
SAU,baseline+AI_CLEAN,2025.0
SAU,baseline+AI_CONSERVATIVE,2025.0
SAU,ndc,2025.0
SAU,ndc+AI_CLEAN,2025.0
SAU,ndc+AI_CONSERVATIVE,2025.0
SGP,ambitious,2025.0
SGP,ambitious+AI_CLEAN,2025.0
SGP,ambitious+AI_CONSERVATIVE,2025.0
SGP,baseline,2025.0
SGP,baseline+AI_CLEAN,2025.0
SGP,baseline+AI_CONSERVATIVE,2025.0
SGP,ndc,2025.0
SGP,ndc+AI_CLEAN,2025.0
SGP,ndc+AI_CONSERVATIVE,2025.0
SVK,ambitious,2025.0
SVK,ambitious+AI_CLEAN,2025.0
SVK,ambitious+AI_CONSERVATIVE,2025.0
SVK,baseline,2025.0
SVK,baseline+AI_CLEAN,2025.0
SVK,baseline+AI_CONSERVATIVE,2025.0
SVK,ndc,2025.0
SVK,ndc+AI_CLEAN,2025.0
SVK,ndc+AI_CONSERVATIVE,2025.0
SVN,ambitious,2025.0
SVN,ambitious+AI_CLEAN,2025.0
SVN,ambitious+AI_CONSERVATIVE,2025.0
SVN,baseline,2025.0
SVN,baseline+AI_CLEAN,2025.0
SVN,baseline+AI_CONSERVATIVE,2025.0
SVN,ndc,2025.0
SVN,ndc+AI_CLEAN,2025.0
SVN,ndc+AI_CONSERVATIVE,2025.0
SWE,ambitious,2025.0
SWE,ambitious+AI_CLEAN,2025.0
SWE,ambitious+AI_CONSERVATIVE,2025.0
SWE,baseline,2025.0
SWE,baseline+AI_CLEAN,2025.0
SWE,baseline+AI_CONSERVATIVE,2025.0
SWE,ndc,2025.0
SWE,ndc+AI_CLEAN,2025.0
SWE,ndc+AI_CONSERVATIVE,2025.0
THA,ambitious,2025.0
THA,ambitious+AI_CLEAN,2025.0
THA,ambitious+AI_CONSERVATIVE,2025.0
THA,baseline,2025.0
THA,baseline+AI_CLEAN,2025.0
THA,baseline+AI_CONSERVATIVE,2025.0
THA,ndc,2025.0
THA,ndc+AI_CLEAN,2025.0
THA,ndc+AI_CONSERVATIVE,2025.0
TKM,ambitious,2025.0
TKM,ambitious+AI_CLEAN,2025.0
TKM,ambitious+AI_CONSERVATIVE,2025.0
TKM,baseline,2025.0
TKM,baseline+AI_CLEAN,2025.0
TKM,baseline+AI_CONSERVATIVE,2025.0
TKM,ndc,2025.0
TKM,ndc+AI_CLEAN,2025.0
TKM,ndc+AI_CONSERVATIVE,2025.0
TTO,ambitious,2025.0
TTO,ambitious+AI_CLEAN,2025.0
TTO,ambitious+AI_CONSERVATIVE,2025.0
TTO,baseline,2025.0
TTO,baseline+AI_CLEAN,2025.0
TTO,baseline+AI_CONSERVATIVE,2025.0
TTO,ndc,2025.0
TTO,ndc+AI_CLEAN,2025.0
TTO,ndc+AI_CONSERVATIVE,2025.0
TUR,ambitious,2025.0
TUR,ambitious+AI_CLEAN,2025.0
TUR,ambitious+AI_CONSERVATIVE,2025.0
TUR,baseline,2025.0
TUR,baseline+AI_CLEAN,2025.0
TUR,baseline+AI_CONSERVATIVE,2025.0
TUR,ndc,2025.0
TUR,ndc+AI_CLEAN,2025.0
TUR,ndc+AI_CONSERVATIVE,2025.0
UKR,ambitious,2025.0
UKR,ambitious+AI_CLEAN,2025.0
UKR,ambitious+AI_CONSERVATIVE,2025.0
UKR,baseline,2025.0
UKR,baseline+AI_CLEAN,2025.0
UKR,baseline+AI_CONSERVATIVE,2025.0
UKR,ndc,2025.0
UKR,ndc+AI_CLEAN,2025.0
UKR,ndc+AI_CONSERVATIVE,2025.0
USA,ambitious,2025.0
USA,ambitious+AI_CLEAN,2025.0
USA,ambitious+AI_CONSERVATIVE,2025.0
USA,baseline,2025.0
USA,baseline+AI_CLEAN,2025.0
USA,baseline+AI_CONSERVATIVE,2025.0
USA,ndc,2025.0
USA,ndc+AI_CLEAN,2025.0
USA,ndc+AI_CONSERVATIVE,2025.0
UZB,ambitious,2025.0
UZB,ambitious+AI_CLEAN,2025.0
UZB,ambitious+AI_CONSERVATIVE,2025.0
UZB,baseline,2025.0
UZB,baseline+AI_CLEAN,2025.0
UZB,baseline+AI_CONSERVATIVE,2025.0
UZB,ndc,2025.0
UZB,ndc+AI_CLEAN,2025.0
UZB,ndc+AI_CONSERVATIVE,2025.0
VEN,ambitious,2025.0
VEN,ambitious+AI_CLEAN,2025.0
VEN,ambitious+AI_CONSERVATIVE,2025.0
VEN,baseline,2025.0
VEN,baseline+AI_CLEAN,2025.0
VEN,baseline+AI_CONSERVATIVE,2025.0
VEN,ndc,2025.0
VEN,ndc+AI_CLEAN,2025.0
VEN,ndc+AI_CONSERVATIVE,2025.0
VNM,ambitious,2025.0
VNM,ambitious+AI_CLEAN,2025.0
VNM,ambitious+AI_CONSERVATIVE,2025.0
VNM,baseline,2025.0
VNM,baseline+AI_CLEAN,2025.0
VNM,baseline+AI_CONSERVATIVE,2025.0
VNM,ndc,2025.0
VNM,ndc+AI_CLEAN,2025.0
VNM,ndc+AI_CONSERVATIVE,2025.0
ZAF,ambitious,2025.0
ZAF,ambitious+AI_CLEAN,2025.0
ZAF,ambitious+AI_CONSERVATIVE,2025.0
ZAF,baseline,2025.0
ZAF,baseline+AI_CLEAN,2025.0
ZAF,baseline+AI_CONSERVATIVE,2025.0
ZAF,ndc,2025.0
ZAF,ndc+AI_CLEAN,2025.0
ZAF,ndc+AI_CONSERVATIVE,2025.0
